{
  "project_info": {
    "project_number": "94027014948",
    "firebase_url": "https://citymap1-da02e-default-rtdb.firebaseio.com",
    "project_id": "citymap1-da02e",
    "storage_bucket": "citymap1-da02e.appspot.com"
  },
  "client": [
    {
      "client_info": {
        "mobilesdk_app_id": "1:94027014948:android:89aa36f9dc25db175049b1",
        "android_client_info": {
          "package_name": "com.noobshubham.gostore"
        }
      },
      "oauth_client": [
        {
          "client_id": "94027014948-l5o289dldqlkv5p322qdk26et8qpo3an.apps.googleusercontent.com",
          "client_type": 1,
          "android_info": {
            "package_name": "com.noobshubham.gostore",
            "certificate_hash": "d789b3d45053ef0a7e50a92001731894c9c06732"
          }
        },
        {
          "client_id": "94027014948-hm4d208mm4tjkom10agfl8edupih5knu.apps.googleusercontent.com",
          "client_type": 3
        }
      ],
      "api_key": [
        {
          "current_key": "AIzaSyDN8te3lRKr02S-qsstDXK89VBKGl978ik"
        }
      ],
      "services": {
        "appinvite_service": {
          "other_platform_oauth_client": [
            {
              "client_id": "94027014948-hm4d208mm4tjkom10agfl8edupih5knu.apps.googleusercontent.com",
              "client_type": 3
            }
          ]
        }
      }
    }
  ],
  "configuration_version": "1"
}